title,desc,date,datetime,link,img,media,site
Germany protests to Russia over wave of cyber attacks,bookmark_border,18 hours ago,2021-09-07 01:11:53.253161,news.google.com/./articles/CAIiEI04V6JgCfkVb4ZnUxKQChIqGAgEKg8IACoHCAow-4fWBzD4z0gw_fCpBg?hl=en-US&gl=US&ceid=US%3Aen,https://lh3.googleusercontent.com/proxy/cbRjUgpyNoPXIpppfmf95AacV4yasziXCY4nx72ZUKj1bbiy7pIZFk7S9w_PD1JiZV6QkGjowlNtwzMgtO4HRh9r9wF2bvf-rqRYQZfocgpMwjZsfMrkoG5ZN3JnIMDg-lqoDcJYlbxYLsvnHy3SorhWT3k=s0-w100-h100-p-df,,Financial Times
Russia is tightening its grip on the internet. Activists are fighting back,bookmark_border,13 hours ago,2021-09-07 06:11:53.253432,news.google.com/./articles/CAIiECrRXEoPEvII6K-DBQsgUUYqEwgEKgwIACoFCAow4GowoAgwkRo?hl=en-US&gl=US&ceid=US%3Aen,https://lh3.googleusercontent.com/proxy/YclO2VGBUiFumsMbEI4hiR2dKvnbIMfGSuVLWxtNE5je2XBdaRdail3DQxtT90z9ApID0lOL2DWt54SaLb86Dtefwev1O2wYNH-t6CbqJkiHUlvBddLohz_0lbBR4gqkhfyO5Wegxq8x2GnXontafjzyOiiast42nyV3KiRp4F9wb7VPcOu5QUUshbdv8W7dRZyelBVoMA=s0-w100-h100-p-df,,CNET
More Russian Companies Set to Join New York IPO Frenzy,bookmark_border,1 hour ago,2021-09-07 18:11:53.253660,news.google.com/./articles/CAIiEM401iPsKjpZDSiI0MuRjrwqGAgEKg8IACoHCAow1tzJATDnyxUww8rPBg?hl=en-US&gl=US&ceid=US%3Aen,https://lh3.googleusercontent.com/proxy/9oYy6VVzk2wsw-y3DpA4HMOYPvmJDxAOfNeoddhlICHgZCw92pjmAai-7WtWs_H3C2vGLbc52dx52kb9Qw1vR_eyELczONZ2SSZ_2QI=s0-w100-h100-p-df,,The Wall Street Journal
A Skeleton for Diplomacy: How a Plan to Reconcile France and Russia Collapsed,bookmark_border,2 days ago,2021-09-05 19:11:53.253887,news.google.com/./articles/CAIiECItUy6RPhnH_fthVuKHFWMqFwgEKg8IACoHCAowjuuKAzCWrzwwt4QY?hl=en-US&gl=US&ceid=US%3Aen,https://lh3.googleusercontent.com/proxy/Ji0xJ7UCkvUbxx6NKbk9zit3sLI08AncheHG5Mt41fLjXGYL9IcqUWtlfBo96r1khGglVo_XS4YKRLsC-2wYNHtFKpxoRvv4Dhu1MArdXoBDUKNxCuZQ3WlTsH1pJoT0hAasGsQIn6ymC_Zp3NxYRokmNGJLCA8VRxXGsSu9A3K3uLDVEMOqgmoQ46hcrAZVOfeDsysW-lMcKXc62EL7mPf1fzgcstSjvOy3UCHDzWOCxJ-d=s0-w100-h100-p-df,,The New York Times
Angry families of MH17 victims accuse Russia of lying,bookmark_border,19 hours ago,2021-09-07 00:11:53.254112,news.google.com/./articles/CBMiWWh0dHBzOi8vd3d3LnJldXRlcnMuY29tL3dvcmxkL2ZhbWlsaWVzLW1oMTctYWlybGluZS1jcmFzaC12aWN0aW1zLXNwZWFrLWNvdXJ0LTIwMjEtMDktMDYv0gEA?hl=en-US&gl=US&ceid=US%3Aen,https://lh3.googleusercontent.com/proxy/JZ8HcDEFyBHQCrnmYfPvG9t8oPvb3_WMlI7X0XJe4GynNyWqEUZxIbagijIBKXgv7Thq21Q5NfMJ39TmzS-91SXgewCqc-wdTzA1REr1h7Nogp7KTZw5aoevZZxNyMbXBIrG1MyS4UnPkmaWvS9Iz-0G7ffVaJQ=s0-w100-h100-p-df,,Reuters
Russia denies it has discussed participation in G7 meeting -Ifax,bookmark_border,2 days ago,2021-09-05 19:11:53.254338,news.google.com/./articles/CBMiZmh0dHBzOi8vd3d3LnJldXRlcnMuY29tL3dvcmxkL3J1c3NpYS1kZW5pZXMtaXQtaGFzLWRpc2N1c3NlZC1wYXJ0aWNpcGF0aW9uLWc3LW1lZXRpbmctaWZheC0yMDIxLTA5LTA1L9IBAA?hl=en-US&gl=US&ceid=US%3Aen,https://lh3.googleusercontent.com/proxy/4eO8h0_PGR-bHzkicEAWD7XhlA9rboFmC4hf0SpPyimXDUt9Nj0dcn0wTN1B0YT_RIsLJYMGbAMSCp0dValgI3X8Tse5v8L77cLqRiQdpmM7hsWbYnVXisvjQoM0seU0ph596HGZPK8Il0B8yvIdKUYHDb8PLVU=s0-w100-h100-p-df,,Reuters
Why Putin's Desperate Push for More Russian Babies Will Fail,bookmark_border,Yesterday,,news.google.com/./articles/CAIiEAOej8_PCNy5alh5-DJpdLMqFggEKg0IACoGCAow7s8BMNBIMP-3lgc?hl=en-US&gl=US&ceid=US%3Aen,https://lh3.googleusercontent.com/proxy/dHgCiVCDpIoDfKROSL87mJHZ6VyFPrDszDCZMFkAcu8H9psNgM_pM3UpqwZz1F6Gph7IfQAZH8rDsNsbXpmTL7slAHDyuo2N-9GD1X3r19nL0n64fG_WrYfyoKX53PnGAu0hhBzNwn2HhcA15X4zYsJgDLswqomjBXJbg-PM-g1QVHIJlqmn=s0-w100-h100-p-df,,The Daily Beast
"Danger of terror spilling to Russia, Kashmir: Envoy",bookmark_border,5 hours ago,2021-09-07 14:11:53.254770,news.google.com/./articles/CBMiXmh0dHBzOi8vd3d3LnRyaWJ1bmVpbmRpYS5jb20vbmV3cy9qLWsvZGFuZ2VyLW9mLXRlcnJvci1zcGlsbGluZy10by1ydXNzaWEta2FzaG1pci1lbnZveS0zMDc3NTXSAV5odHRwczovL3d3dy50cmlidW5laW5kaWEuY29tL25ld3Mvai1rL2Rhbmdlci1vZi10ZXJyb3Itc3BpbGxpbmctdG8tcnVzc2lhLWthc2htaXItZW52b3ktMzA3NzU1?hl=en-US&gl=US&ceid=US%3Aen,https://lh3.googleusercontent.com/proxy/xZ78NADw7JfbGsJPBJbNdanwD0Qj1b1qhUJ81cbqrnzWwHYI-oKrjZzUas1Vw1GS9hHjhCIczyCQyWZ0vbeMMB9gZbtEWZ-X-b00DKxTNNVXcPib1SENnY90XFFcgHA1CLiESv0cS8w4AzV-qsQkE_FKBsBmiTFJfvaKeQbbBFvkOEE=s0-w100-h100-p-df,,The Tribune
Russia has made no decision yet to recognize Taliban — Kremlin spokesman,bookmark_border,1 hour ago,2021-09-07 18:11:53.254990,news.google.com/./articles/CBMiIWh0dHBzOi8vdGFzcy5jb20vcG9saXRpY3MvMTMzNDc1NdIBJWh0dHBzOi8vdGFzcy5jb20vcG9saXRpY3MvMTMzNDc1NS9hbXA?hl=en-US&gl=US&ceid=US%3Aen,https://lh3.googleusercontent.com/proxy/N3864VxQ3-4cE_56YHzobehvFbfFK5C86islxDriMjI7-2A_riUcEzwgEffbqcl1iyfgQ0XQD6ry1-CGnk_Aza0TRhwurktaLOMQ9PdNk26b=s0-w100-h100-p-df,,TASS
Three near-identical Boris Vishnevskys on St Petersburg election ballot,bookmark_border,8 hours ago,2021-09-07 11:11:53.255212,news.google.com/./articles/CAIiEAoTvAvMMMzURSbt9WinRYYqFwgEKg4IACoGCAowl6p7MN-zCTDZ4PsF?hl=en-US&gl=US&ceid=US%3Aen,https://lh3.googleusercontent.com/proxy/ikSdF98l7EOvLDxHaqpFT6BfuEzIP59sly0zQ2nhExKGF8GPv_XuM8vWyAHP_YPYMW7iIKEko07Oy1m4HjnUNu2Gyg_aroNvKLz6XVWDpZKLRqr5Gt2n0xwoc2q2Jj2-CN9FQtrkX3DDTzhQilfdVq02reEC68sli9mRBrNlfjjY30OVAgrsEUeFHMq7sl25C5USdGV3XhUJyLpBmf99nGLl3TU1Or9BGsIlK5_54G5AV71anD4EL6E6VmEKIAFf-SXlHwNR8IdKWXDjo_Yqx7tFOeNR8tP3DpQZInMBlub_P9HGrmygBPpK6hJaDLWWnt6VZcEMOpBb2NFfSNXJUPQNDF5q3q8pCRaCbfRaqB83Tbh7YOGpIZWvhejNCXJyJkHrJfWmGt4k69dsSoLfK5AD5jiVIWtvP4h7KuEh8zcGMj_y3nhZrJj28ARjODg0SFcctUvuXtM_=s0-w100-h100-p-df,,The Guardian
Russia starts to sow seeds of ‘wheat diplomacy’,bookmark_border,5 days ago,2021-09-02 19:11:53.255429,news.google.com/./articles/CAIiECpmXHiJWQlxylMdpdxkhEAqGAgEKg8IACoHCAow-4fWBzD4z0gw_fCpBg?hl=en-US&gl=US&ceid=US%3Aen,https://lh3.googleusercontent.com/proxy/RSa4Y3wCWZcxc76MSe-EGlGUgdQBbDmM8m20JxtCQLokflbuRnNomBh_Fumy7tXoB6fnFPQg0LjjJhTYqUWNW56DaOzMrpsH7Psy7wsK0d1T2tL7aXXR686d--y1JvgjjeNoa_w6aJ0RdAP-ANMWhp6Vw_Q=s0-w100-h100-p-df,,Financial Times
France And Russia Are In A Tussle Over Who Gets To Call Champagne ... 'Champagne',bookmark_border,3 days ago,2021-09-04 19:11:53.255638,news.google.com/./articles/CAIiEI8eBNgI42EwYk59j3MLMvoqFwgEKg4IACoGCAow9vBNMK3UCDCmvJYH?hl=en-US&gl=US&ceid=US%3Aen,https://lh3.googleusercontent.com/proxy/qw1M6k3bCWra2qJTiGxAjYFqnblB9OUJPBN20GTeY5hqe8EWUw38s85VGYMpO7oZaG76m_nZITUbqnO3Oqv9dGiDvpfJ5pWTz76Une6x1PAFDHtiGUMsPSptK2mKIL5M_Dxn-m49x71ooj4ZpU4VTZy34e9svsPO_QkKCoQ0aA=s0-w100-h100-p-df,,NPR
"'Divorce is not possible' with US over space station, says Russian space chief who threatened to pull out",bookmark_border,5 days ago,2021-09-02 19:11:53.255874,news.google.com/./articles/CAIiEDkqo7tBRNnAgErkClT89ToqGQgEKhAIACoHCAowocv1CjCSptoCMPrTpgU?hl=en-US&gl=US&ceid=US%3Aen,https://lh3.googleusercontent.com/proxy/QZ4WIRP6fTz1kKqWRndCy594ZM0_XOm5ykXQPIKI2bvF0_JJhC1C83plCJbdvTKH9J2rGMwvLn2Jf8suCcRrFR1wmYqnfv72AYHUA8kgH5dw37z_QxKTRM70oQvRczvykuCS8QbYenMgJBOAGtFNiu3t8bQZQacTnpCSJB27dFmTIjUePH9pLjoz8B5IaIPBjVbPZoY94uG3-F_RRsc85lRxzLumMWIUWz0NvCX6k77irHJScW-lPQetv9kjaW0=s0-w100-h100-p-df,,CNN
Russia's coronavirus cases surpass 7 million mark,bookmark_border,2 days ago,2021-09-05 19:11:53.256078,news.google.com/./articles/CBMiYWh0dHBzOi8vd3d3LnJldXRlcnMuY29tL3dvcmxkL2V1cm9wZS9ydXNzaWFzLWNvcm9uYXZpcnVzLWNhc2VzLXN1cnBhc3MtNy1taWxsaW9uLW1hcmstMjAyMS0wOS0wNS_SAQA?hl=en-US&gl=US&ceid=US%3Aen,https://lh3.googleusercontent.com/proxy/Mnhef4Ynl6G4HjxCdkhkjIaeKH4nznM94LOy5LL5lBDZVs8SLKQm1xGkRlIs2BRo7r9hX-Q3AqXNFUVAnx9SeZfDMISmmU3KXYUIHIJkyQvnadpmliT0rwFNk643KiACO4lwjdTCznAcoyKhZjwK27AIXQWo78E=s0-w100-h100-p-df,,Reuters
Lightning Round: The Cup has made it to Russia,bookmark_border,1 hour ago,2021-09-07 18:11:53.256282,news.google.com/./articles/CBMifWh0dHBzOi8vd3d3LnJhd2NoYXJnZS5jb20vMjAyMS85LzcvMjI2NjAyNDUvbGlnaHRuaW5nLXJvdW5kLXRoZS1jdXAtaGFzLW1hZGUtaXQtdG8tcnVzc2lhLW5obC1uZXdzLWFyaXpvbmEtY295b3Rlcy1yZWxvY2F0aW9u0gGKAWh0dHBzOi8vd3d3LnJhd2NoYXJnZS5jb20vcGxhdGZvcm0vYW1wLzIwMjEvOS83LzIyNjYwMjQ1L2xpZ2h0bmluZy1yb3VuZC10aGUtY3VwLWhhcy1tYWRlLWl0LXRvLXJ1c3NpYS1uaGwtbmV3cy1hcml6b25hLWNveW90ZXMtcmVsb2NhdGlvbg?hl=en-US&gl=US&ceid=US%3Aen,https://lh3.googleusercontent.com/proxy/qn66oWes0pZn-VBZ0OV2qSllr_k0BNwe7JOicX0QMdNdWfVEBk_OvHVB88XeI2JLGtZEomXyHWz_SIwSiFCgvAfqfpIE1RNEn-bGWb6q3XmBmh5Hz8uIV_gwUqxT3qyOdXd_gXFP2hr1aXjRbph90PzLT6N4uSf9ZVBBg3-WO_GlVKrElAO5-lmx7O0xLJtRmhcaU7tt0xS1fDiRviodYHFIUXHypVEXdVCwvsfDlc3b4FplbvBqk90=s0-w100-h100-p-df,,Raw Charge
Russia faces major risks on Afghanistan despite Kremlin claiming propaganda victory over U.S.,bookmark_border,Aug 31,nan,news.google.com/./articles/CAIiEH-fQex01yiIoAVOsW1KPPIqGQgEKhAIACoHCAow2Nb3CjDivdcCMJ_d7gU?hl=en-US&gl=US&ceid=US%3Aen,https://lh3.googleusercontent.com/proxy/uo6VrN3m3y-l-qBQNwE9qG0N1HrFlN2YaGzm_yDjLer9GHALpQXrESFbUjyhMNWlsSTtZ4YbqJwApwcXbWoy1Dm_sbeb1pywVYz-iQKFeYXw6_nx0fIHDnTNhRoteI-CiJd_XCCUek4_Ner3yveHGhdKFp7Egyga4O1ZcZOcGubUsG5aLEUgc-fPKgfnpangiwhp0gklC5JT=s0-w100-h100-p-df,,CNBC
Russian space chief invites Elon Musk to his home: 'I already set the teakettle on heat',bookmark_border,35 minutes ago,,news.google.com/./articles/CAIiEE4ZBCN1PgxIqSi1a500VycqGQgEKhAIACoHCAowocv1CjCSptoCMPrTpgU?hl=en-US&gl=US&ceid=US%3Aen,https://lh3.googleusercontent.com/proxy/YAQQPWrbTgrdaSccx2GAJYIzvRQE8HYqz_xPrrcbyXPSKyui1Y_0u7dZ1omtRDvmQ--_la72T_ABfeSIbCqCmwiID5gYmoyr9PV6NVi9wfQ-TheYJF9D4jjoHBvqoiv1UVH_aVBceR5lKvfwQLCEOjSshsm2NsvhGV9RXKqadop3txCjT9QclkQk-DATK9eNvKGlST-XhF_LJIok6sZP6FjysYE3a0sfaBW43x3j2sivWxoeACg4ZAndcHknpxWxy0Tx4aw=s0-w100-h100-p-df,,CNN
Was Russia's April Exercise a Practice Run for a Ukraine Invasion?,bookmark_border,4 days ago,2021-09-03 19:11:53.256904,news.google.com/./articles/CBMif2h0dHBzOi8vd3d3LmRlZmVuc2VvbmUuY29tL3RlY2hub2xvZ3kvMjAyMS8wOS9ydXNzaWFzLWFwcmlsLWV4ZXJjaXNlLWNyaW1lYS1tYXktaGF2ZS1iZWVuLXVrcmFpbmUtaW52YXNpb24tcHJhY3RpY2UtcnVuLzE4NTA4Mi_SAQA?hl=en-US&gl=US&ceid=US%3Aen,https://lh3.googleusercontent.com/proxy/uvvYUpd-jyLG_Cdfp-SYTbrN_OgGZ8xcsna1fdg6Df2atyXWWbpIoJrHCzFixIhkU2AJy6twaMhwrXuuJGxepXiyd2ylfzO5W-2my5HGEzhBTXJoevQA-wBPVcSwLHj3IIoTP8hk5v8PnpYBvnJhO4_F3z5RCzIcziPjiilP4YPHvBQO9C_TjD4fIiR4LhpZoqwKTpvGlDQ=s0-w100-h100-p-df,,Defense One
Russia: Google told to clamp down on Navalny's 'Smart Voting',bookmark_border,Yesterday,,news.google.com/./articles/CAIiEM07-rSS7Ne4moIqEdLHXBQqFwgEKg8IACoHCAoww5LyAzD2zh0wlqpV?hl=en-US&gl=US&ceid=US%3Aen,https://lh3.googleusercontent.com/proxy/IYMhNXNJzRoI7kWqhbvktzMLViaUqC_1aJgK2wQaDWY1O1NOK2zn6mPt5Y_7dfN0BPpnuZn5_5zBYZePd0AcAOzDsGv_WWg=s0-w100-h100-p-df,,DW (English)
Russia Has a Gas Problem Nearly the Size of Exports to Europe,bookmark_border,4 days ago,2021-09-03 19:11:53.257306,news.google.com/./articles/CAIiEBoTn7sKWdoaNOCtE55GtyUqGQgEKhAIACoHCAow4uzwCjCF3bsCMIrOrwM?hl=en-US&gl=US&ceid=US%3Aen,https://lh3.googleusercontent.com/proxy/OItwzqGZ2vXf0UIcsDax3lq_Y1iA2x66IY6o_jwqNE5JXUEVGG9uBIaMKsKp3Naj2r9sGDejjvrzB5D69xSo7DFCR2iXqvi-w20GUTGpV7k3tvSkra2ABLA89fdU-uv3t_W5AHs=s0-w100-h100-p-df,,Bloomberg
Russia threatens Apple and Google with fines over app created by jailed dissident Alexey Navalny's allies,bookmark_border,4 days ago,2021-09-03 19:11:53.257511,news.google.com/./articles/CAIiEDklb7lID5JaA26BW3-n8J8qGQgEKhAIACoHCAowyNj6CjDyiPICMJyFxQU?hl=en-US&gl=US&ceid=US%3Aen,https://lh3.googleusercontent.com/proxy/2g8TPE4R2AjaQk2KYiIjBzRqLO6atVWABr1jW5Rb-os6OJEYS05Ecwx-dyzWMOHXEulT9m1wqfATtxX_n6xYQOUPlKJcY2CD75YsSUIYmz1VslK6Phnghm6JnSjoiFy8V6KLqY4QEX52inhry3E5wrwkjqTtgLqJlTKKzPSHOFOIU9bjO83JoFBgNVegLhb2ZvqEtk09aly91g9pbzeqGpskldIJ29853Zz3VZEWFdyUQwUAt1OSCKwTf5kb3LZjfOsR-_Y=s0-w100-h100-p-df,,CBS News
Exile or Jail: The Grim Choice Facing Russian Opposition Leaders,bookmark_border,Aug 31,nan,news.google.com/./articles/CAIiEKxf_Jz642BACo7_27BMBFMqFwgEKg8IACoHCAowjuuKAzCWrzww5oEY?hl=en-US&gl=US&ceid=US%3Aen,https://lh3.googleusercontent.com/proxy/aW36JzizX4BqV68ezE-JjbxxGca-G7tZXsLHTTvTeYx3KC4ybMgEucxIT4rJXMhbfGiNcYl04F7KF3yX9wwCpqhGgGwCe3YRPVT2hx0iZNf_lKgp1_W0Nx6_WWpjwtioTmR7PE9i_JCSnbh3VcZPR0c1pMnu1cV4r49sFep59LhME5uTOMGC8EcmH-PGayvupQ=s0-w100-h100-p-df,,The New York Times
Russians rally against government pressure on independent media,bookmark_border,2 days ago,2021-09-05 19:11:53.257911,news.google.com/./articles/CAIiEMkh63vbsAjafX-hBO6n8SgqGQgEKhAIACoHCAowwL2ICzCckocDMOODqQY?hl=en-US&gl=US&ceid=US%3Aen,https://lh3.googleusercontent.com/proxy/BlAcvwKjVBG7t0Qyy-4DP1MLMIIs-auS8kvK03pkhKsJLEtuQvYuQv5RrexzWg2KTcdbLHQr6FiLayuXNUKMhoj7QPyy6C_CCQZJt98dTJb5SjkjAvCCEVMrWdQOC5NGDkEJL3Z4bsTEgCdLZyhArJQf_4Oe_3rp4QXf7ySY9N8AAUjPcqKCOe_UfxwL3byt5Xp6mvoSjpuFSt-Ve5DLq4AQbzLF=s0-w100-h100-p-df,,Fox News
Private companies at 'Army 2021' forum strive for survival as Russian military orders shrink,bookmark_border,4 days ago,2021-09-03 19:11:53.258113,news.google.com/./articles/CBMiiwFodHRwczovL3d3dy5kZWZlbnNlbmV3cy5jb20vaW5kdXN0cnkvMjAyMS8wOS8wMy9wcml2YXRlLWNvbXBhbmllcy1hdC1hcm15LTIwMjEtZm9ydW0tc3RyaXZlLWZvci1zdXJ2aXZhbC1hcy1ydXNzaWFuLW1pbGl0YXJ5LW9yZGVycy1zaHJpbmsv0gEA?hl=en-US&gl=US&ceid=US%3Aen,https://lh3.googleusercontent.com/proxy/YygWgm3xRS15CRFEr9h3ws6HWgGlt8_rFaxLLPFYJIVhfKWGBgMRU8239Gqp7jPZhV9d1FZ4HHfPiBduqKJzq8Aj-6ERAlFAyVMVFJF-XHKfNzt0vZgzCgMg3KqNrvsCjOIOAXOqpZf4G3YhJiaaNT6HRWqRM9lv15TIhsowAMWjev6R8Ppdwuh5VUjYWfeEs2yIf0zrwO30wh2HItjH2n56LbPKJtx2fFwfegHVDPgbxX4_FcOfVnL_1nHfjifgXyXH4hwnxLVpzXDvaaczh-4u9fg=s0-w100-h100-p-df,,DefenseNews.com
Japan's next leader must keep Russia at a distance,Opinion,4 hours ago,2021-09-07 15:11:53.258312,news.google.com/./articles/CBMiUmh0dHBzOi8vYXNpYS5uaWtrZWkuY29tL09waW5pb24vSmFwYW4tcy1uZXh0LWxlYWRlci1tdXN0LWtlZXAtUnVzc2lhLWF0LWEtZGlzdGFuY2XSAQA?hl=en-US&gl=US&ceid=US%3Aen,https://lh3.googleusercontent.com/proxy/rfpxpyD8pGlFuxKBwoAv2AOMLQv0CmDXF3mDbN-xisf4IwXInUdaDG09I5NX5gLYYaIIPHlgLGKDdHbTt1sotb5ISqQRkXxaGYj5BP96G0EGFi1a85eCi7wCeLRELvts-LoU6hAkZGvwA4vKixCllT66pW2xpTJ_NqR8EuuqA1QVb0QJS1FaVsHcrUFp9rsyTRLc-a2_J1Dn7ITXa3ulYLhrLDZuLUmjywB9Lm6vn4syiHNjVAaJr1cXXrHcTyqucS9t59KRN5bshqzV=s0-w100-h100-p-df,,Nikkei Asia
"Russia records 17,425 new daily coronavirus cases, the lowest number since June 22",bookmark_border,3 hours ago,2021-09-07 16:11:53.258514,news.google.com/./articles/CBMiIGh0dHBzOi8vdGFzcy5jb20vc29jaWV0eS8xMzM0Njkz0gEkaHR0cHM6Ly90YXNzLmNvbS9zb2NpZXR5LzEzMzQ2OTMvYW1w?hl=en-US&gl=US&ceid=US%3Aen,https://lh3.googleusercontent.com/proxy/KhINI02igm0nZd8NQQM7cE3SRr_VtISUqXmgNUnlCWD5gmggbMNRt3ORbPenQUDJd8zFC5KS89F-aCMeUYRby1EzhxP49OduoYmu_OZlkknSojS9IhsL2tRfDP7pLBQVE68XOqXemPA8lZXanCbnUbjcvMVZmmg=s0-w100-h100-p-df,,TASS
European Court Faults Russia in Murder of Natalya Estemirova,bookmark_border,Aug 31,nan,news.google.com/./articles/CAIiEOc6Mdo6_HrLOVQlvsY4XVMqFwgEKg8IACoHCAowjuuKAzCWrzwwt4QY?hl=en-US&gl=US&ceid=US%3Aen,https://lh3.googleusercontent.com/proxy/R2pyiNEa5zGd9dCg-iukNjU7JwiRMcolm3yaIaVqWHnp8tDF8Azx03jSXR6RO6rL-F3AU1Ucobp89lDSBlys0IbhNremO0Kv_6om8ZqMBNDO9z7gDwgRjZAjHYzXjaUhiFvltM8Rl8wutDB-Uwn9g_qJicdhbb0UkXct1EkiS_q2qPe6VwVv7jtL2qfAtBhl9OYFlsy_cYZMA3NqXK7x78fMtpRJJ5BO3rCL00pAqDJMzwKCtw=s0-w100-h100-p-df,,The New York Times
"In Small-City Russia, Elections Feel Irrelevant For Local Business Owners",bookmark_border,3 hours ago,2021-09-07 16:11:53.258911,news.google.com/./articles/CBMieWh0dHBzOi8vd3d3LnRoZW1vc2Nvd3RpbWVzLmNvbS8yMDIxLzA5LzA3L2luLXNtYWxsLWNpdHktcnVzc2lhLWVsZWN0aW9ucy1mZWVsLWlycmVsZXZhbnQtZm9yLWxvY2FsLWJ1c2luZXNzLW93bmVycy1hNzQ5ODHSAQA?hl=en-US&gl=US&ceid=US%3Aen,https://lh3.googleusercontent.com/proxy/Pattv6hLGFB5R5RvY4X2cQVVjkqtT0yAIWs0-Y7xR-EWnZuOVe3KsxomWPYId5mpd88tsL9FKHZYmHBVzWWP8J0HtMRK2h5yix8oppZiG2FWMfJ9esmDGPslNuteBYQ5NHYtZzNwPOV5LzVLN1vTU2de2g=s0-w100-h100-p-df,,The Moscow Times
Why the prevailing doom and gloom view of Russia is wrong,Opinion,Aug 16,nan,news.google.com/./articles/CAIiEPqG8U9jKzWPUHrQKNY5dLoqFQgEKgwIACoFCAowhgIwkDgwt_qTBw?hl=en-US&gl=US&ceid=US%3Aen,https://lh3.googleusercontent.com/proxy/bDWa4vzk4v4lckG9wTm4oqe4Wd8yL9rtq_wIKcqZ36Q1gFoF4z2Fs3uQ-8vuFAeJE9hDDOWx9g1xRFSBj4IksrxpLFvayaAUlgDBMIUY4JAAEavxrDc0jt5sgCH194uKCtSdrOOKQK-yGjmW1uBSEi1UvdEgKnla0fmcSbaWNR4f0hSnjS-jz2bE4XWg1dL8LWe4VW1C7H7lpVbuEl6Deqqu9BBgGdUiqDU=s0-w100-h100-p-df,,Al Jazeera English
Inside Sberbank’s push to become Russia’s Amazon,bookmark_border,8 hours ago,2021-09-07 11:11:53.259313,news.google.com/./articles/CAIiEACC1H2U6io-i25oWQz8uekqGAgEKg8IACoHCAow-4fWBzD4z0gw_fCpBg?hl=en-US&gl=US&ceid=US%3Aen,https://lh3.googleusercontent.com/proxy/Qu64SM5cMOaGA8lJ3WDTaKqmoY6_OUtUjvGo6u-hUmF4HlUtccThU5EIyv4wGM_tAJvqltOaBtpdEgYJTIKc4XlVss26q0crPUb-h5cZqrEnk9bQCMU7rZO642IuEmqHmDu8nVAndsjLUhGN1nAdlgSRV8w=s0-w100-h100-p-df,,Financial Times
"Russia Jails Comedian, Then Expels Him",bookmark_border,Aug 31,nan,news.google.com/./articles/CBMiSWh0dHBzOi8vd3d3Lmhydy5vcmcvbmV3cy8yMDIxLzA4LzMwL3J1c3NpYS1qYWlscy1jb21lZGlhbi10aGVuLWV4cGVscy1oaW3SAQA?hl=en-US&gl=US&ceid=US%3Aen,https://lh3.googleusercontent.com/proxy/K7hETiE2LwbPELnUHgIG5g_iy5CzP1zdewwKR1gIq7slj2QPZSotZWboUpC9F5G8_zl8lRDanfn9EbCgWQPNFtoHBh1EcioAvy_eRkQsPPtvwVW4MBY8X0PHMWZBjTx4opJAPxIu30wEp0G6EzH2gxAdmg=s0-w100-h100-p-df,,Human Rights Watch
"Russia is Top Military Threat to US Homeland, Air Force General Says - USNI News",bookmark_border,Aug 18,nan,news.google.com/./articles/CBMiZWh0dHBzOi8vbmV3cy51c25pLm9yZy8yMDIxLzA4LzE4L3J1c3NpYS1pcy10b3AtbWlsaXRhcnktdGhyZWF0LXRvLXUtcy1ob21lbGFuZC1haXItZm9yY2UtZ2VuZXJhbC1zYXlz0gEA?hl=en-US&gl=US&ceid=US%3Aen,https://lh3.googleusercontent.com/proxy/gcGij8bRLPqkyU7xVo1vtcHImNeBuiQcwPHH4Zz8ottqhoyGrRCWGpqmnQZSiI7qJ4I-Gyrd3lFa3HTg-s6vRCHyLkatTFxT4UCSWJOI5HAZvzY9c4sNj1HF53GoyRODuYcwqdae4an_RtoZyrEKV_m63K03AtEF7fwzix20fHXxMG4hwkFlQBVs5dkfSdrg7aiYAhGyOSlR6QzuY6qjApFLa5kFruKfg4hIgexrGzg=s0-w100-h100-p-df,,USNI News
Lapid to visit Russia this week amid Syria tensions,bookmark_border,2 days ago,2021-09-05 19:11:53.259902,news.google.com/./articles/CAIiEERCe3XmLqzq-sB901R9N_gqGAgEKg8IACoHCAowr9eeCTDYlm4wldicAQ?hl=en-US&gl=US&ceid=US%3Aen,https://lh3.googleusercontent.com/proxy/9e7ytAwXe6G9OnSgkGFtKCIyn7aXHXfrWPn9bveOdj02z3SWq0v4230_qIFRry1ufTjlIWeQVeJUDcgwNmzwt5EJoPvwuEBHeoS3AGd0A0rDSewEyp3XWR-A2qwDf2kmbUYF4FkegoTkIzWwGNQtQtbHryNc8f8=s0-w100-h100-p-df,,The Jerusalem Post
"Russia censor threatens Google, Apple over opposition app",bookmark_border,4 days ago,2021-09-03 19:11:53.260105,news.google.com/./articles/CAIiEBU2T0SDriwS7bNRGTC3_ygqGAgEKg8IACoHCAowjtSUCjC30XQwn6G5AQ?hl=en-US&gl=US&ceid=US%3Aen,https://lh3.googleusercontent.com/proxy/VIB2t4wC682ZFw-ublEhUDrI57t6XJlfCLyOET9ZeoujedSCoNib4m0Gxmzjsi8q5mlT3eoc5HOJcT9qmy3n_NY9QMqNKYRmfl5kp1VKqY80tIsS_Mr4Ltj_MvxLs2d4QgeJW63byqXAcHbaVaOpb55QoWlrGOBwbfkljBCRD7GOI5Iqu570PcZsWSBWlT80Qc4c_KR0KFBsdBhrWYB8qZ8l2drQBI9O9KpaNFQKMQn91p6cmoGqswyGEA=s0-w100-h100-p-df,,The Washington Post
Sputnik Adrift: Lessons From Russia's Covid-19 Vaccine Stumble,Opinion,5 days ago,2021-09-02 19:11:53.260306,news.google.com/./articles/CAIiEGHOLpeMhcziRKK9zD8hsUsqGQgEKhAIACoHCAow4uzwCjCF3bsCMIrOrwM?hl=en-US&gl=US&ceid=US%3Aen,https://lh3.googleusercontent.com/proxy/G10vTFTa2Y_IWm_vb6ACJNLRTibqmMYJL_P2De1hl_s-cl6Pf7NVanBvNqDmpD0D3xZdtNBXRaKcFTAFE47nz_lmLAaIsMW175gTQ2YQlYdTSHTve1OD3ClPfqAQ4SqpuOzmRkg=s0-w100-h100-p-df,,Bloomberg
How Russia is militarising Belarus,bookmark_border,4 days ago,2021-09-03 19:11:53.260508,news.google.com/./articles/CAIiEKY_ThZMBiL7o5in6i0-Hp4qGQgEKhAIACoHCAowtKb8CjD05IgDMKDU-QU?hl=en-US&gl=US&ceid=US%3Aen,https://lh3.googleusercontent.com/proxy/c4Fpfz_JIm4PyCvkgW9BKYJo7XggDzd8feW-QnPfdSZaNYEtEcQiY-Lk7ajVNb2KiQiE5XrpNS4519xaJQ9lFuD6GoDAoFZDodZW_aRowAYzKHRDw2sQA0b2aT-PZUu7zwa8edyLC4gHz7iSxSE-NRz1cJkRoGQrzgfXhbDOaGvfJKHf7TaJ7h9tstTn4Xzaosi8FsYsf6fUl1b6hfnl6SO3Mw=s0-w100-h100-p-df,,TRT World
"Russia to send arms, ‘maybe even S-400s’, to Belarus: Lukashenko",bookmark_border,6 days ago,2021-09-01 19:11:53.260712,news.google.com/./articles/CAIiEHcY2SY3vrVgtwXFT4ZijBgqFQgEKgwIACoFCAowhgIwkDgws_qTBw?hl=en-US&gl=US&ceid=US%3Aen,https://lh3.googleusercontent.com/proxy/_PN1O-PpjrXHW-jNtLC5-zApTFZqP7U1YkyYT4mGaWPIN6jLbSIoom-8-1tMrtvwe2ESZfY4AHqsjRAkCVtk2nLzS1rOxBwyeVMeQzraxe3tt8FBJYn9U3BROZMHg2rIgwlB54lvO1s7KfjPP93k80AiPlmAoKiOj7HvfB6YSbd1kDu0j4Kay7fNlPjq1yJmr_0H-dSJFdU9CKxgkeZoeQswIAldU8vmwNpOrJ6p25nAcjY=s0-w100-h100-p-df,,Al Jazeera English
Is Ukraine's split from Russia now irreversible?,bookmark_border,Aug 23,nan,news.google.com/./articles/CBMiYmh0dHBzOi8vd3d3LmF0bGFudGljY291bmNpbC5vcmcvYmxvZ3MvdWtyYWluZWFsZXJ0L2lzLXVrcmFpbmVzLXNwbGl0LWZyb20tcnVzc2lhLW5vdy1pcnJldmVyc2libGUv0gEA?hl=en-US&gl=US&ceid=US%3Aen,https://lh3.googleusercontent.com/proxy/Hnw_EWOfLM_9koCvXM3gcNfFWtALtHX19ZhX3ub87pRM4sHFGg6h9bDu712jVga_p9fRN1V3kGtgzII4w6jRLWAEGvcSmZ2T2VWU4AO8xLrZJm8nxxyWP_YAKSEffLFu80zKJDPVJDzNIx_8jxneWdpv4c3FKOyJCRoQHVUgYj-HeDTP_2M8CX_6ZNvJPe3uwcrfu8E4uy1AgAtk6yu786qGXb0rf9QTH2-3MApqwCs6=s0-w100-h100-p-df,,Atlantic Council
Perspective | The U.S. and Russia could join forces to get people vaccinated. They did before.,bookmark_border,6 days ago,2021-09-01 19:11:53.261111,news.google.com/./articles/CAIiEIkqK0O-0Zq19tJJyskXn9AqGAgEKg8IACoHCAowjtSUCjC30XQw3qK9Bg?hl=en-US&gl=US&ceid=US%3Aen,https://lh3.googleusercontent.com/proxy/dZHu5HP8qVMdlzg_zY9sc9v0tXJhZNYseNwYFZXoidIMvNTpKhxx7dg_bha1Emc9I3Dh0337-zEMAVPDHtR0v1mA7ghbW3N7RW8xcpMWo92_csbZB1P9tko1CIlxc4b-tbNERj2mjPXEW5mSbZVbCODtB-1YmE-IPfJPkCqf6msOUIHHYxG0q-RjvkkHdgwx8E77iDLeJjeZYi6p9gNXLmtpQYTlF01GKKhJexKXiRsKB0p55upBQ8ELag=s0-w100-h100-p-df,,The Washington Post
Russia and America’s overlapping legacies in Afghanistan,bookmark_border,Aug 18,nan,news.google.com/./articles/CBMic2h0dHBzOi8vd3d3LmJyb29raW5ncy5lZHUvYmxvZy9vcmRlci1mcm9tLWNoYW9zLzIwMjEvMDgvMTgvcnVzc2lhLWFuZC1hbWVyaWNhcy1vdmVybGFwcGluZy1sZWdhY2llcy1pbi1hZmdoYW5pc3Rhbi_SAXdodHRwczovL3d3dy5icm9va2luZ3MuZWR1L2Jsb2cvb3JkZXItZnJvbS1jaGFvcy8yMDIxLzA4LzE4L3J1c3NpYS1hbmQtYW1lcmljYXMtb3ZlcmxhcHBpbmctbGVnYWNpZXMtaW4tYWZnaGFuaXN0YW4vYW1wLw?hl=en-US&gl=US&ceid=US%3Aen,https://lh3.googleusercontent.com/proxy/7_0hqFURvyXamdrCmrso9iQolc5hP5353Atr-A394BQZnPgHcTlBwbbWshNsbElj-8Cn1U9WsKZ3tVzsm17BEqg8UEqVFeYHjiX2iAoPNQY_AsPSCLQyVp5zHcRnxqrkuFU=s0-w100-h100-p-df,,Brookings Institution
Russia and China have more in common than communism. They have same enemies and ambitions,bookmark_border,2 days ago,2021-09-05 19:11:53.261510,news.google.com/./articles/CAIiEH-JGo15hhUCoqJzCX30EYsqMwgEKioIACIQngF8yjd3-IINcLEZ-cP3ryoUCAoiEJ4BfMo3d_iCDXCxGfnD968w1aWPBw?hl=en-US&gl=US&ceid=US%3Aen,https://lh3.googleusercontent.com/proxy/eKmTZkRJuHQALLVZl7AGeAJm_826NVcFoFvy_qWvWTmJn6-YlyWHTU3LVBwZN7gLw9t6kJoGErBgI3D8k4_itSvvxzkwl20KLaw81sWJqj2lpQ3LousT-n_c5Is8R_s0Fs9-o9xi37Wdlen6B9Eulikcj8TBysSgSQ=s0-w100-h100-p-df,,ThePrint
Does Russia Even Want to Collude With Biden?,Opinion,5 days ago,2021-09-02 19:11:53.261712,news.google.com/./articles/CAIiEAtVYgOmjKAeYJAcocVnNTIqGAgEKg8IACoHCAow1tzJATDnyxUwycrPBg?hl=en-US&gl=US&ceid=US%3Aen,https://lh3.googleusercontent.com/proxy/V0O6R3hYZzni_PFgZ4u4lupmJI8StHeK5JmH-yxf2ra_R7f3WcRr4luwbHt5xe3UjT4-kJg-mbbudNrO_xkvDXuAjzXuvDzQRXivsrA=s0-w100-h100-p-df,,The Wall Street Journal
Woolly Mammoth Genetic Engineering May Help US-Russian Diplomacy,bookmark_border,3 days ago,2021-09-04 19:11:53.261918,news.google.com/./articles/CAIiEBkQVxuJan8pMsRLg-Ud3s0qGQgEKhAIACoHCAow0sSICzDyn4cDMKKUrwY?hl=en-US&gl=US&ceid=US%3Aen,https://lh3.googleusercontent.com/proxy/tiwEFss4bhK74llZRYtblteXdsLNBH77z89VFcxsdrNcoFFNAMaS70c4DbfwhCY7iWStGqHNHSlkOgHGpo0nOxBerSLQDGC6Wj5yeJ19x4-6mIj3vYB1J17RSbOMSH-dGXY2mzKaVt0J-0GDy-Ulkicb=s0-w100-h100-p-df,,Foreign Policy
Afghan crisis: Russia plans for new era with Taliban rule,bookmark_border,Aug 20,nan,news.google.com/./articles/CBMiLmh0dHBzOi8vd3d3LmJiYy5jb20vbmV3cy93b3JsZC1ldXJvcGUtNTgyNjU5MzTSATJodHRwczovL3d3dy5iYmMuY29tL25ld3Mvd29ybGQtZXVyb3BlLTU4MjY1OTM0LmFtcA?hl=en-US&gl=US&ceid=US%3Aen,https://lh3.googleusercontent.com/proxy/X0SuJI6J42npmRHedOMscZDg7KjLsp0jgCL7_Qbl3pIY4fL26lNvlMEvLaJDStNQ9QoytfzHRfbZI5v2ON-sxunzHcpMgDMdy1XCiQMfcOTn_4rjKXOMv3asmznRRpYhYRDtWLaVpv12tRqMYrUvCQ=s0-w100-h100-p-df,,BBC News
Russia sows distrust on social media ahead of German election,bookmark_border,4 days ago,2021-09-03 19:11:53.262313,news.google.com/./articles/CAIiEAf6JZCIYv0qCQPEEmj5Dp8qMwgEKioIACIQcjJaSOXDHqsfBBX2KL7ggyoUCAoiEHIyWkjlwx6rHwQV9ii-4IMw-8XbBg?hl=en-US&gl=US&ceid=US%3Aen,https://lh3.googleusercontent.com/proxy/LM7TYSj97DT0AlLESlAP8tN-7Ixn7YvaArtcBp5Q5Hn8B3IgDoxggqR5R2613bf9gdDy2YaFF3mExvZd7bXq6lfTUunTlCqMBLxVtQHLXdyLrZ7YV0-t3LoMgmQsi9vvhjEhvWq-i-OkFmPhZQ2EY7FIOA=s0-w100-h100-p-df,,POLITICO Europe
"Boosted by China and Russia, Iran Digs In on Nuclear Talks",bookmark_border,4 days ago,2021-09-03 19:11:53.262517,news.google.com/./articles/CBMibGh0dHBzOi8vd3d3LmJsb29tYmVyZy5jb20vbmV3cy9hcnRpY2xlcy8yMDIxLTA5LTAzL2Jvb3N0ZWQtYnktY2hpbmEtYW5kLXJ1c3NpYS1pcmFuLWRpZ3MtaW4tb24tbnVjbGVhci10YWxrc9IBAA?hl=en-US&gl=US&ceid=US%3Aen,https://lh3.googleusercontent.com/proxy/9avV7aUQkaQ7tiz3yQDRObcorqXvjCWYys5JE8rkFKlFozP-eEgOq04k-ZNmMgjAWR2DS_ktuQWwfyf11oFCvzgkUf5G68GaflhrcxQ_qO43bOMFBQ5qnsmwwFUw3yZO90tZgvA=s0-w100-h100-p-df,,Bloomberg
New intel reports indicate fresh efforts by Russia to interfere in 2022 election,bookmark_border,Aug 13,nan,news.google.com/./articles/CAIiECgui-n-bAEypImF_iaKQ5IqGQgEKhAIACoHCAowocv1CjCSptoCMJrUpgU?hl=en-US&gl=US&ceid=US%3Aen,https://lh3.googleusercontent.com/proxy/HIiaqtkzRXUYqf163Mrp-wQeShUuW7Y9uw6DmAdXPEto6Xbz1BnO40t3E2g2mHj0kign28I_iN8VEq1J6IF6A0KAw1gTHVkRkq8AnovNrPixoTHWL5KPtpVAjJg419iaWIHG3GQ8As1f4__0B-4nn1rFFxr7OUEl5PbpCWE75tNrXU4zkLq4mkPGyO4IKb08eB7Z6jXei5Gv_SR-D7fuHmXWiOpJOF0auYllf-kKzaC3NA=s0-w100-h100-p-df,,CNN
Russia and China Eye a Retreating U.S.,Opinion,Aug 31,nan,news.google.com/./articles/CAIiEPdDGOkLdMNq9G5DyBj29OkqGAgEKg8IACoHCAow1tzJATDnyxUwycrPBg?hl=en-US&gl=US&ceid=US%3Aen,https://lh3.googleusercontent.com/proxy/7RBbkdSLzu4FGNMvydTWuUzDcKKIftv9f63v-VxWsnNEyzhQ_yqKdLJsCJX-CW1zYpucwAXhTIDHasyt4TdJ0EvJD1AftKLgEhxF-Iw=s0-w100-h100-p-df,,The Wall Street Journal
Many Russian millennials feel disillusioned with their government.,bookmark_border,Aug 25,nan,news.google.com/./articles/CBMie2h0dHBzOi8vd3d3Lndhc2hpbmd0b25wb3N0LmNvbS9wb2xpdGljcy8yMDIxLzA4LzI1L3J1c3NpYXMtbGF0ZXN0LWNyYWNrZG93bi1kaXNzZW50LWlzLW11Y2gtbW9yZS1zd2VlcGluZy10aGFuLWV2ZXItYmVmb3JlL9IBAA?hl=en-US&gl=US&ceid=US%3Aen,https://lh3.googleusercontent.com/proxy/krXcOmVYsahbAxTl982d0kAjLcG0K_h1WxXZGVO9rAgALXsuvPtU6r3-FRbUYP1IqYL7Pafz6FZaJoP7kIETC6DEo_icvp4x3Z9AETL2WpOMTO2q58fiMZvK2HDuVTNfBoH66_RNjU5X-M5oiOEf1_hSE2X6OSAX0-wBD31uK4gQQPc1lb--9wRVo85hwexuG7Pddmeipi9OeJnkuahhtWCHYgq_I6hpxSHIXTk88dC7c370D-J76GYFlw=s0-w100-h100-p-df,,The Washington Post
"Archaeologists discover remains of 10,000-year-old settlement in Russia",bookmark_border,2 days ago,2021-09-05 19:11:53.263293,news.google.com/./articles/CAIiEH3kw7pPOcw8SZEr7RBJFO0qGAgEKg8IACoHCAowr9eeCTDYlm4whdicAQ?hl=en-US&gl=US&ceid=US%3Aen,https://lh3.googleusercontent.com/proxy/yllz3EAPDIKdervbLyMhsTtrah6bQNs8bBJwVrUQmc0knv7A6uE_hXEBqhk9BC3a8IHktaXMorJx15e24WB43H6tMSYovgScvX8HsjrQSgrv0-XVO4umm4O8fmE12wShWmEIQS7fsiPu9FZiMmk-rAPXak-4Oio=s0-w100-h100-p-df,,The Jerusalem Post
"India, Russia set to discuss Afghanistan during two-day visit of Gen. Patrushev",bookmark_border,5 minutes ago,,news.google.com/./articles/CAIiELYldj8Ns__B3_5UXkc88zgqFwgEKg4IACoGCAowxLQ_MNevCDDnvNMF?hl=en-US&gl=US&ceid=US%3Aen,https://lh3.googleusercontent.com/proxy/LTKUwVWHRpCPocoKor7iJvZ6HbudplPdC4aVMzqyLN_ii9mPdRPDdEToaLCxuk4vs6kH40BUDo6X5iDowkJMRLkm85fdTfpsZAYQV3Rvctuncm2r7boJngrGEnVqsW2QRFVayDLyECedJmQCsYFFDRKo58gcOUIKyBcrLRyEGUmMyH-8LqSQmEi6kpGft5d-fREO72Sz1NaXFHJf9yKspAVmv1u9k83lci6hmjpy57byFfVFu5A-20lLRokHKq9L=s0-w100-h100-p-df,,Mint
Ukraine warns Europe to be dependent on Russia for gas supply with Nord Stream 2,bookmark_border,5 days ago,2021-09-02 19:11:53.263681,news.google.com/./articles/CBMiemh0dHBzOi8vd3d3LnJldXRlcnMuY29tL2J1c2luZXNzL2VuZXJneS91a3JhaW5lLXdhcm5zLWV1cm9wZS1iZS1kZXBlbmRlbnQtcnVzc2lhLWdhcy1zdXBwbHktd2l0aC1ub3JkLXN0cmVhbS0yLTIwMjEtMDktMDIv0gEA?hl=en-US&gl=US&ceid=US%3Aen,https://lh3.googleusercontent.com/proxy/RmsfJKhNJwwGdrEv2hIPh_KwCH8ExNKExoxj6oeOpnJr6JrDKAK8gdBIpS5BUHaJTTZdG80zFIKaLJ4QcpsHCSQMZb8BLOFYL0sBIRBjaeKv3uSeTNXJL5kJxDHFZmjaqAjm2HcOIoqz4vOnpdvBjnagY6B9gf8=s0-w100-h100-p-df,,Reuters
Nigeria and Russia Sign Military Cooperation Agreement,bookmark_border,Aug 31,nan,news.google.com/./articles/CAIiEBDFMH_YAinzF4MZnPjB0f0qFwgEKg4IACoGCAowq6dkMP2ODjCy8MAG?hl=en-US&gl=US&ceid=US%3Aen,https://lh3.googleusercontent.com/proxy/d41nGhm-332uiZ3aotYZsxUm8LctvBM3V3g5kzKTLdK35_JJ7hT72G0Ija5MrRKE9WY96huC2K7dkxFQfJRX0Bkz3mplDdjnQF1acHQ6mgKPDhK09Ci3-9TOxZf03k6qNXET3SDCwSMt4qTSipPRBU_AkPDu1N0rh5o=s0-w100-h100-p-df,,Council on Foreign Relations
Russia Hands Tajik Opposition Activist 40-Year Ban,bookmark_border,22 hours ago,2021-09-06 21:11:53.264074,news.google.com/./articles/CBMiY2h0dHBzOi8vd3d3LnRoZW1vc2Nvd3RpbWVzLmNvbS8yMDIxLzA5LzA2L3J1c3NpYS1oYW5kcy10YWppay1vcHBvc2l0aW9uLWFjdGl2aXN0LTQwLXllYXItYmFuLWE3NDk3M9IBAA?hl=en-US&gl=US&ceid=US%3Aen,https://lh3.googleusercontent.com/proxy/Z8kU--KaLYgjFjVunn4aGObm6NYHJUn_PPCFEET71siRWB8y0e7kynsz3Hhs4l-dt3H3WtUQ5gOD0xthqxl35T7yqxl7PP0Fx-79gNA_aAg6dT7BQbNTqGYgSU12xg=s0-w100-h100-p-df,,The Moscow Times
Russia building up nuclear potential – Stoltenberg,bookmark_border,5 hours ago,2021-09-07 14:11:53.264273,news.google.com/./articles/CBMiZ2h0dHBzOi8vd3d3LnVrcmluZm9ybS5uZXQvcnVicmljLXBvbHl0aWNzLzMzMTEwMzktcnVzc2lhLWJ1aWxkaW5nLXVwLW51Y2xlYXItcG90ZW50aWFsLXN0b2x0ZW5iZXJnLmh0bWzSAWtodHRwczovL3d3dy51a3JpbmZvcm0ubmV0L2FtcC9ydWJyaWMtcG9seXRpY3MvMzMxMTAzOS1ydXNzaWEtYnVpbGRpbmctdXAtbnVjbGVhci1wb3RlbnRpYWwtc3RvbHRlbmJlcmcuaHRtbA?hl=en-US&gl=US&ceid=US%3Aen,https://lh3.googleusercontent.com/proxy/MTMOAvWBhVA4qZysqQ2BxKGVurBlkpxZDO80eoTYBNOh44wCYg3GAAD8q9zOQkJFz1EMDdmGUxmxO1f3QNPr2YhtFqQgC87VO4fybR9ESTHnVGZeJ9ZhpcbkZLTC0-s6QXO3iLAyQrT2Lkvr3Q=s0-w100-h100-p-df,,Ukrinform. Ukraine and world news
Russia's Gazprom Neft moves to yuan in fuelling planes in China,bookmark_border,4 days ago,2021-09-03 19:11:53.264474,news.google.com/./articles/CBMiaWh0dHBzOi8vd3d3LnJldXRlcnMuY29tL2J1c2luZXNzL2VuZXJneS9ydXNzaWFzLWdhenByb20tbmVmdC1tb3Zlcy15dWFuLWZ1ZWxsaW5nLXBsYW5lcy1jaGluYS0yMDIxLTA5LTAzL9IBAA?hl=en-US&gl=US&ceid=US%3Aen,https://lh3.googleusercontent.com/proxy/-0vEgTu5p9dNmuVdIvI7syq1BrzfBd21Z2-k9k1u7BRKucW-8Gs-cnItGDiuPOT2QQOA5SvqIdEnolWuAkCjQmt9VAM07rRtCmvZjzZot8Bnxzime0_79lO-cnoQCiincJ3-QchoP_rwQ7ssbLy21YUTISOEFAQ=s0-w100-h100-p-df,,Reuters
Putinology Is to Russia What Astrology Is to Science,bookmark_border,Aug 9,nan,news.google.com/./articles/CAIiEJfGS6xAulQHnLD5y7vsN7UqFggEKg0IACoGCAow7s8BMNBIMKzMlgc?hl=en-US&gl=US&ceid=US%3Aen,https://lh3.googleusercontent.com/proxy/nlPA3VRgg3GYHpsQUM5iQznf_aMwNf_jN5GPzpym4xRtEwO2xm2fxTO698T1MyapJosbpGqas7VYSZIyoW-INtldA-U2Wj4F_RD5LtVlXJm3EE1E2TkrVPEoWagcuA_QBYVihoJrF9Kbec4lyrj3yEV8B6CCKHrXTvcsEAUgbNoPKmYQFryfL8I=s0-w100-h100-p-df,,The Daily Beast
"Afghanistan Withdrawal: China, Russia Move to Outflank US With Taliban",bookmark_border,4 days ago,2021-09-03 19:11:53.264869,news.google.com/./articles/CAIiEDL1PY1I_dUafD86dV1dUeAqGQgEKhAIACoHCAow0sSICzDyn4cDMNGTwgY?hl=en-US&gl=US&ceid=US%3Aen,https://lh3.googleusercontent.com/proxy/94976Cfwm_erwoXVxfzZht2hKV8T_Cp1yZDJEbkVbldI_cOO7PlS8IJv7X9mPuRqlDvjFVMQHOJsA2wRXvvWuCao34n3EGcIbI9qm6d1a-GInhqjUuGsFXa5sTseQ4er1_-KGAbX75oahbu_HW1r_yqi-li-6OQm_FXJ0BWLwVvlbf6SzwX2=s0-w100-h100-p-df,,Foreign Policy
"Rosatom to start construction of WPPs across Russia, says division’s press service",bookmark_border,2 hours ago,2021-09-07 17:11:53.265069,news.google.com/./articles/CBMiIGh0dHBzOi8vdGFzcy5jb20vZWNvbm9teS8xMzM0NzE10gEkaHR0cHM6Ly90YXNzLmNvbS9lY29ub215LzEzMzQ3MTUvYW1w?hl=en-US&gl=US&ceid=US%3Aen,https://lh3.googleusercontent.com/proxy/N3864VxQ3-4cE_56YHzobehvFbfFK5C86islxDriMjI7-2A_riUcEzwgEffbqcl1iyfgQ0XQD6ry1-CGnk_Aza0TRhwurktaLOMQ9PdNk26b=s0-w100-h100-p-df,,TASS
"In Russia's Arctic, Navalny activist's election bid is crushed",bookmark_border,6 days ago,2021-09-01 19:11:53.265270,news.google.com/./articles/CBMiaWh0dHBzOi8vd3d3LnJldXRlcnMuY29tL3dvcmxkL2V1cm9wZS9ydXNzaWFzLWFyY3RpYy1uYXZhbG55LWFjdGl2aXN0cy1lbGVjdGlvbi1iaWQtaXMtY3J1c2hlZC0yMDIxLTA5LTAxL9IBAA?hl=en-US&gl=US&ceid=US%3Aen,https://lh3.googleusercontent.com/proxy/MXQAma4bb4ytslsHnU2Nspq8l0ovs2j_XE7y-tsJOTVJ2zLGnndl-yOinXHJHJgJiiGiea21b92y0IVQMVPjABUhOIDPICsvgcj9Q6WKBTgVwVFEyG4kykJy1F6URa9wEjmVdcyNMInvI53TMvX_87LMwSR3zJE=s0-w100-h100-p-df,,Reuters
"Working at US Embassy helped Russians obtain US citizenship, diplomat says",bookmark_border,13 hours ago,2021-09-07 06:11:53.265472,news.google.com/./articles/CBMiIWh0dHBzOi8vdGFzcy5jb20vcG9saXRpY3MvMTMzNDYwOdIBJWh0dHBzOi8vdGFzcy5jb20vcG9saXRpY3MvMTMzNDYwOS9hbXA?hl=en-US&gl=US&ceid=US%3Aen,https://lh3.googleusercontent.com/proxy/N3864VxQ3-4cE_56YHzobehvFbfFK5C86islxDriMjI7-2A_riUcEzwgEffbqcl1iyfgQ0XQD6ry1-CGnk_Aza0TRhwurktaLOMQ9PdNk26b=s0-w100-h100-p-df,,TASS
"Japan, Russia to cooperate in hydrogen, ammonia to fight climate change",bookmark_border,5 days ago,2021-09-02 19:11:53.265674,news.google.com/./articles/CBMidWh0dHBzOi8vd3d3LnJldXRlcnMuY29tL2J1c2luZXNzL2Vudmlyb25tZW50L2phcGFuLXJ1c3NpYS1jb29wZXJhdGUtaHlkcm9nZW4tYW1tb25pYS1maWdodC1jbGltYXRlLWNoYW5nZS0yMDIxLTA5LTAyL9IBAA?hl=en-US&gl=US&ceid=US%3Aen,https://lh3.googleusercontent.com/proxy/XzPI44v0w6cmHKmENF1aIArNwlWri0RxpA7l0Bovq67z4WmNWRr2dSRr6sfy9ARTSnWw7jBCnvrH17gShag8hQJ5QTel8_HelVjkHVslscXuErqmb1XjnpYbOS3ljVunGxZLPiRrcYJvA5gx_furP0D_IoRKZDY=s0-w100-h100-p-df,,Reuters
Military servicemen from seven countries arrive in Russia for Zapad-2021 drills,bookmark_border,6 hours ago,2021-09-07 13:11:53.265877,news.google.com/./articles/CBMiIGh0dHBzOi8vdGFzcy5jb20vZGVmZW5zZS8xMzM0NjQ10gEkaHR0cHM6Ly90YXNzLmNvbS9kZWZlbnNlLzEzMzQ2NDUvYW1w?hl=en-US&gl=US&ceid=US%3Aen,https://lh3.googleusercontent.com/proxy/N3864VxQ3-4cE_56YHzobehvFbfFK5C86islxDriMjI7-2A_riUcEzwgEffbqcl1iyfgQ0XQD6ry1-CGnk_Aza0TRhwurktaLOMQ9PdNk26b=s0-w100-h100-p-df,,TASS
Russia reports 20564 new COVID-19 cases and 762 deaths,bookmark_border,Aug 22,nan,news.google.com/./articles/CBMiY2h0dHBzOi8vd3d3LnJldXRlcnMuY29tL3dvcmxkL2V1cm9wZS9ydXNzaWEtcmVwb3J0cy0yMDU2NC1uZXctY292aWQtMTktY2FzZXMtNzYyLWRlYXRocy0yMDIxLTA4LTIyL9IBAA?hl=en-US&gl=US&ceid=US%3Aen,https://lh3.googleusercontent.com/proxy/C09BCPMbydYJffXMTBa6BxqOnd1cp7X-f50bA8-gbPeIfMXSuYRrCF2Lz-kIe0m_tiymM_4wdTxTzUUkxGEjWnAYDfT9mUTQustqfD8ck-m_Hv6h_6i_tea83BvI1tsQiIE1RgcudNFaAEvPHmABEwjFloWGAcI=s0-w100-h100-p-df,,Reuters
Russian foreign ministry's biased and selective take on RSF publications | RSF,bookmark_border,Yesterday,,news.google.com/./articles/CBMiXGh0dHBzOi8vcnNmLm9yZy9lbi9uZXdzL3J1c3NpYW4tZm9yZWlnbi1taW5pc3RyeXMtYmlhc2VkLWFuZC1zZWxlY3RpdmUtdGFrZS1yc2YtcHVibGljYXRpb25z0gEA?hl=en-US&gl=US&ceid=US%3Aen,https://lh3.googleusercontent.com/proxy/gq6wcN8OO2z8oUeIYL_Em_9FB68nByAzITme5H3MFiu_o9ISMnUloOUi7xuFiiL_kdrvvQ6Wur_jPHEzq02M4jaQ0dQFBMWY5M8ihoI=s0-w100-h100-p-df,,Reporters sans frontières
Russia is pumping a lot less natural gas to Europe all of a sudden — and it is not clear why,bookmark_border,Aug 24,nan,news.google.com/./articles/CAIiEMFdML8ztMiIOmgR7-40DsQqGQgEKhAIACoHCAow2Nb3CjDivdcCMKuvhQY?hl=en-US&gl=US&ceid=US%3Aen,https://lh3.googleusercontent.com/proxy/vocOVeyRnHTlDajg762eU6U1DS2ID1xc8zRKGM--d6egHPAHD4N7K6dlbp4P_u2qZUeXTq3uZROop6E0mBes769fI7gKlCNMpzmzoSggZ5ffx2d-KfBY623D9TGpTJ1V2Pzp0gcObXrf3anRwuGUW65-vdr-aJN6g0YL02ewNevKB-diRgDmRCPhQLB1jNnQIXEu9c6Ikg=s0-w100-h100-p-df,,CNBC
Persecution of Critics Needs to End In Russia-Occupied Crimea,bookmark_border,Aug 25,nan,news.google.com/./articles/CBMiWGh0dHBzOi8vd3d3Lmhydy5vcmcvbmV3cy8yMDIxLzA4LzI1L3BlcnNlY3V0aW9uLWNyaXRpY3MtbmVlZHMtZW5kLXJ1c3NpYS1vY2N1cGllZC1jcmltZWHSAQA?hl=en-US&gl=US&ceid=US%3Aen,https://lh3.googleusercontent.com/proxy/GjGpN0HPqruRJYFU8G6r7gLCPZdrH8w3ydiNShEPocGp4N90MW2p48u4RQ7Yo2GNEEcyHZo3sGtLTNtMVVKlHrtYs7wbFQ0803F7lsx029qLlY2xS_OnxYSu8sZBdIazpkmFDAB_hIJ09QSbad8FUA=s0-w100-h100-p-df,,Human Rights Watch
"Married Kremlin Spies, a Shadowy Mission to Moscow and Unrest in Catalonia",bookmark_border,3 days ago,2021-09-04 19:11:53.266840,news.google.com/./articles/CAIiECMBFbXfHRk2Rkn69lnQZQAqFwgEKg8IACoHCAowjuuKAzCWrzwwqIQY?hl=en-US&gl=US&ceid=US%3Aen,https://lh3.googleusercontent.com/proxy/bF6wEaECl102PW4EAJiF_0RcAuuJQbArCTOFnK2xKNSVbh61hft4SfFXWZ_PXYwN-te9TwVkVJIzEeyAEgE7V7hIXGXtJS7Z0-L2WAzKfZjahJjy71rOj05kywtg0XTyeJ4SdH3v1Fxf6QMbGIGl37h9kC04Fb86IN2XHK8FVAQE2Sng0s0rrD9Khg=s0-w100-h100-p-df,,The New York Times
Russia was ready for Taliban's win due to longtime contacts,bookmark_border,Aug 18,nan,news.google.com/./articles/CBMiUWh0dHBzOi8vYXBuZXdzLmNvbS9hcnRpY2xlL2V1cm9wZS1ydXNzaWEtdGFsaWJhbi1mMjVjMWE4YjAzMGZiMDcyMWY5Yjg4OTFmOGQzMjllONIBAA?hl=en-US&gl=US&ceid=US%3Aen,https://lh3.googleusercontent.com/proxy/STg6NdnneppGQ8YEyBkd3XwpyUqh8sgDP5KYXkRTADFeUx3l5ieXqUO6tUgrnpNhEx0lVbM-Nl7Qn5ntJgA9gn87bAdGPLlcDfvV8PtXh5uQF0-c97C3RkgOC_TlOSI4mJH6yafwApyByBkRaZLyLL2EFg=s0-w100-h100-p-df,,Associated Press
Russia introduces major state aid for breeding farms,bookmark_border,4 hours ago,2021-09-07 15:11:53.267236,news.google.com/./articles/CBMib2h0dHBzOi8vd3d3LnBvdWx0cnl3b3JsZC5uZXQvTWVhdC9BcnRpY2xlcy8yMDIxLzkvUnVzc2lhLWludHJvZHVjZXMtbWFqb3Itc3RhdGUtYWlkLWZvci1icmVlZGluZy1mYXJtcy03ODk2ODhFL9IBAA?hl=en-US&gl=US&ceid=US%3Aen,https://lh3.googleusercontent.com/proxy/7kp4xlTpC695Rcec_n7GAjGzSW_ddLUndZq29ds2QHYqfq3kfM9a0jq6DuUpgeLZK0b1nQ3HQknSUHZEj_KM29m3sSz7k48GLLEf-u5nZAnFHb0Id66ppeJDKWk_BxgxKWqYe50GkttGnIrQGMTf5BL6cudYn697zRMFD2suju6ynFb4=s0-w100-h100-p-df,,Poultry World
Sarah Rainsford: My last despatch before Russian expulsion,bookmark_border,Aug 31,nan,news.google.com/./articles/CBMiLmh0dHBzOi8vd3d3LmJiYy5jb20vbmV3cy93b3JsZC1ldXJvcGUtNTgzOTUxMjHSATJodHRwczovL3d3dy5iYmMuY29tL25ld3Mvd29ybGQtZXVyb3BlLTU4Mzk1MTIxLmFtcA?hl=en-US&gl=US&ceid=US%3Aen,https://lh3.googleusercontent.com/proxy/YT5tGySVYp3AC2hZq3duGSHNyqb5d1QhiPrVGur_v2T7wPlnCe2FhXFhSoHOTP1UFbAH-UalpY42fXeUWEKSmeZXwA3T5wNcErGo1Shf3ZICPRhMBUqz9s1edhvBcPWQygudBFNjb9w5RsYV_luSafTs9D_4u8cH=s0-w100-h100-p-df,,BBC News
Russia: Bigger is Better,bookmark_border,Aug 16,nan,news.google.com/./articles/CBMiSmh0dHBzOi8vd3d3LnJhaWx3YXlhZ2UuY29tL21lY2hhbmljYWwvbG9jb21vdGl2ZXMvcnVzc2lhLWJpZ2dlci1pcy1iZXR0ZXIv0gEA?hl=en-US&gl=US&ceid=US%3Aen,https://lh3.googleusercontent.com/proxy/xzj_cOniQYK675nM7_sPevJ30982eNC1ivkHUbkwBMcbhXnLvzSqHaDLACQdbKAcDZF8vn3R5Ts6_n6D5tvfY81yquEha8QqqV6qUaW0jB91YyfBWVA7Hx6O9r3WNG22iue4kDeTzP0cw-leWA=s0-w100-h100-p-df,,RailwayAge Magazine
GRAINS-Wheat gains for third day on Russia supply concerns; soybeans firm,bookmark_border,8 hours ago,2021-09-07 11:11:53.267818,news.google.com/./articles/CBMic2h0dHBzOi8vd3d3Lm5hc2RhcS5jb20vYXJ0aWNsZXMvZ3JhaW5zLXdoZWF0LWdhaW5zLWZvci10aGlyZC1kYXktb24tcnVzc2lhLXN1cHBseS1jb25jZXJucy1zb3liZWFucy1maXJtLTIwMjEtMDktMDfSAXdodHRwczovL3d3dy5uYXNkYXEuY29tL2FydGljbGVzL2dyYWlucy13aGVhdC1nYWlucy1mb3ItdGhpcmQtZGF5LW9uLXJ1c3NpYS1zdXBwbHktY29uY2VybnMtc295YmVhbnMtZmlybS0yMDIxLTA5LTA3P2FtcA?hl=en-US&gl=US&ceid=US%3Aen,https://lh3.googleusercontent.com/proxy/sM5JcXxeWcKeg8zXDg3-KrF9i9aP9-U3LDs6l_QLO9EdzKBgzgo1hqBiqdAvNESb50YDP633AYNdPIZwSrbhy1ACm-QPFLm3ZKgs28NQHVqZVOZlouIRaHOF3CXtzrwxuVoZiMCR_It9BDJiIxMPAroGqbm9L0jHqqXtOLzd18dCFtsj_VRRN2saGW1n5XqSv_FqKUxMXZDGFNsc7tf_8ygY-PaKKULeJx5QT8Q=s0-w100-h100-p-df,,Nasdaq
Vladimir Putin urged to end crackdown on Russian journalists,bookmark_border,Aug 27,nan,news.google.com/./articles/CAIiEBbbgFH7_Eu2REvPudZJ6yQqFggEKg4IACoGCAowl6p7MN-zCTDlkko?hl=en-US&gl=US&ceid=US%3Aen,https://lh3.googleusercontent.com/proxy/cXZmuKJGUZjaBhbDLn_O4-Du7OynzjwaoYWyKhLA2AmOefN5Xz_KnJ3EPQkvgtYtcyW-RbHF_4LaHp-1Y3m8DGEMLPuCibSX9zPL1H6gN8svpBMr9cXPoS8CO83QOy2x5FTDtFWr15yxCskS_ZKpNbTB-WUAM8LbztQImUtdZaoATjZLTogTsT0pdmW9D3LvwLLs-NIB01ut-AdYapDI2Eh8apvYgLD4JDVdS8eOkM7W9-82Wg1vTBaIzY9wXFoJ62pPEkiV1apbgLv55dgq1o3y5WW3QCwLelGxo9bJCnGXpY27D6QMR_7aWF0Zeo_1w5GWH1qPWGAsx-rmbmZVjawma6uMjGZRrEVlrj4cLQbyxjyO4H8dqX9lc4mcjtAtTNzt8ShZ21kuC3GFvsr6r5yCIqQbxbRgKsJTSN6tTvAa28eOlafnQWGFEhg6cUrkMHzV7u_VPts=s0-w100-h100-p-df,,The Guardian
Russia Says It Will Expel a BBC Journalist,bookmark_border,Aug 14,nan,news.google.com/./articles/CAIiEInYjxznop1XKdKRjQnFwLkqFwgEKg8IACoHCAowjuuKAzCWrzww5oEY?hl=en-US&gl=US&ceid=US%3Aen,https://lh3.googleusercontent.com/proxy/KSp9HdRO0PcozO3hRXoHtw0afeu6634dnENYlEyGDribmUlyzJDbCS2-q0MHHpqaFbrh5oUXWanoWhgTQsf20mA7Y5UL2NQtCEWuUaE-MWBIGi6R1kaPvsk2jVQtl1lwry0PZ2oLqdp1dnqatCYVyE6Bt0NZjVMjM7bvtoXNBmToB1OV9M5D=s0-w100-h100-p-df,,The New York Times
Outreach to the Taliban pays dividends to Putin,bookmark_border,Aug 17,nan,news.google.com/./articles/CAIiEBO3orYN4VoSqmxlwysg0xwqGQgEKhAIACoHCAowocv1CjCSptoCMPrTpgU?hl=en-US&gl=US&ceid=US%3Aen,https://lh3.googleusercontent.com/proxy/whfK7p6JzMoczwllRHCKVKol7zKfa173EVHQv4Wpr_LnLpsQTuWZR9KmT62Wh1jyhyj0_pzzdTGsVI4qFrOzYWEPsHxkQhrE2wG0LJHwPBX0xrDmOFogc2c7_xoPf3Ga2hlMmVg16LT0YKJB1ngxq_aH_hWm066kZUQn4b7JCnBnFWe_H4G2_qTtMm1oq3BxxKZa6BmTWyAGDcym7Yao6Igf-xvFZLMxts8vSHZyeNUDAL4=s0-w100-h100-p-df,,CNN
"Russia Plans to Boost Separatist Support, Says Ukraine",bookmark_border,4 days ago,2021-09-03 19:11:53.268620,news.google.com/./articles/CBMiZmh0dHBzOi8vd3d3LnRoZW1vc2Nvd3RpbWVzLmNvbS8yMDIxLzA5LzAzL3J1c3NpYS1wbGFucy10by1ib29zdC1zZXBhcmF0aXN0LXN1cHBvcnQtc2F5cy11a3JhaW5lLWE3NDk3MNIBAA?hl=en-US&gl=US&ceid=US%3Aen,https://lh3.googleusercontent.com/proxy/elDb_QH0zSYyCUVnqh6pVErLSOQXcRtrM8g1geyo00RT4lr-sJbEms3YZ4aPzxS6pMds6jtEUZTsO01s6JAeEQedy7jHazY842aL7PmVBkRlHAMTtBNbMbwLIvG5eu5yWmn-67lFsBvUdMSRATWXRA-QK-oUH-nYpHXgz4YClH7rtXuyQNuDHqysFKyLOw=s0-w100-h100-p-df,,The Moscow Times
"After Withdrawal: How China, Turkey, and Russia Will Respond to the Taliban",bookmark_border,Aug 31,nan,news.google.com/./articles/CBMia2h0dHBzOi8vd2Fyb250aGVyb2Nrcy5jb20vMjAyMS8wOC9hZnRlci13aXRoZHJhd2FsLWhvdy1jaGluYS10dXJrZXktYW5kLXJ1c3NpYS13aWxsLXJlc3BvbmQtdG8tdGhlLXRhbGliYW4v0gEA?hl=en-US&gl=US&ceid=US%3Aen,https://lh3.googleusercontent.com/proxy/LI6_dJYbVHamfXw4B2YHR5iWIObHBz8fsArEuN8m6dVHwZWDaVWiQ6t0Xx_7P2dNA52S3JwHuzJizE-2MDmE9jsT-rchPd_kd-J6FsobRjUY0_M5qFAn6zsEQ272=s0-w100-h100-p-df,,War on the Rocks
Russian Airline Aeroflot Suspends Unvaccinated Pilots,bookmark_border,4 hours ago,2021-09-07 15:11:53.269015,news.google.com/./articles/CBMiZmh0dHBzOi8vd3d3LnRoZW1vc2Nvd3RpbWVzLmNvbS8yMDIxLzA5LzA3L3J1c3NpYW4tYWlybGluZS1hZXJvZmxvdC1zdXNwZW5kcy11bnZhY2NpbmF0ZWQtcGlsb3RzLWE3NDk4N9IBAA?hl=en-US&gl=US&ceid=US%3Aen,https://lh3.googleusercontent.com/proxy/1ffNHN1Ghotsq2w4xLyF3_IhSKvc5LzSGlbd8p4BYyfG-4d688chWAg-eA4IA6tKzEu1jkAJif8Bo2uoTnkL70XZNJOWnax2P4itvLZt8CTEw2IQaVDZggyxTaAGWjw=s0-w100-h100-p-df,,The Moscow Times
"Russia, KSA Strengthen Military Ties In Signal To Washington; UAVs, Helos Potentially On Table",bookmark_border,6 days ago,2021-09-01 19:11:53.269218,news.google.com/./articles/CBMigAFodHRwczovL2JyZWFraW5nZGVmZW5zZS5jb20vMjAyMS8wOS9ydXNzaWEta3NhLXN0cmVuZ3RoZW4tbWlsaXRhcnktdGllcy1pbi1zaWduYWwtdG8td2FzaGluZ3Rvbi11YXZzLWhlbG9zLXBvdGVudGlhbGx5LW9uLXRhYmxlL9IBAA?hl=en-US&gl=US&ceid=US%3Aen,https://lh3.googleusercontent.com/proxy/6ogUZp54lcAzanoxoU6O22iePmV7XJSv74myUXswAxvgQOLYikdZnur75vqCXtnS8uyzWSLSUBHKZNbCEdqsYMA33X85oaICuT9KYRNOb1-YQq6Rws8Xd5v6=s0-w100-h100-p-df,,Breaking Defense
Gas Shortage Boosts Russia’s Sway Over Europe’s Energy Markets,bookmark_border,Aug 25,nan,news.google.com/./articles/CAIiEO7JGI3vgF0S42RQWeROfeYqGAgEKg8IACoHCAow1tzJATDnyxUww8rPBg?hl=en-US&gl=US&ceid=US%3Aen,https://lh3.googleusercontent.com/proxy/OrHRaBNYA3B19ae9rCVPJFoGWk5isJPNr04Cy_UxK6teOB78eRxfE5Go7esa7_dP5sTqKOFuSt6Ms-6iIRVI9-OeeZLFK46Rw4gfhWA=s0-w100-h100-p-df,,The Wall Street Journal
"Russia's new space station to use AI, robots",bookmark_border,21 hours ago,2021-09-06 22:11:53.269617,news.google.com/./articles/CBMiW2h0dHBzOi8vd3d3LnRyaWJ1bmVpbmRpYS5jb20vbmV3cy9zY2hvb2xzL3J1c3NpYXMtbmV3LXNwYWNlLXN0YXRpb24tdG8tdXNlLWFpLXJvYm90cy0zMDc1NTbSAVtodHRwczovL3d3dy50cmlidW5laW5kaWEuY29tL25ld3Mvc2Nob29scy9ydXNzaWFzLW5ldy1zcGFjZS1zdGF0aW9uLXRvLXVzZS1haS1yb2JvdHMtMzA3NTU2?hl=en-US&gl=US&ceid=US%3Aen,https://lh3.googleusercontent.com/proxy/LkR45tiEN1uQrtoqiUzymiVeHUSrg4jwNNfox-0_F2ax4j5KPEEeoOnHntaMm1caz6gQeHRGgMB9HUqnSc0cst0jYqC6-z2gJpflkhwT3tW8wwhB-OMQ2BAasnuAR2tiM5xmHVCVD07QO2Y7M_kKKpnmAwRt8YHeZxv-560wmfjntOo=s0-w100-h100-p-df,,The Tribune
Russian Ultra-Nationalist Who Campaigned Against Sushi Ad's Black Model Arrested – Reports,bookmark_border,Yesterday,,news.google.com/./articles/CBMiiAFodHRwczovL3d3dy50aGVtb3Njb3d0aW1lcy5jb20vMjAyMS8wOS8wMy9ydXNzaWFuLXVsdHJhLW5hdGlvbmFsaXN0LXdoby1jYW1wYWlnbmVkLWFnYWluc3Qtc3VzaGktYWRzLWJsYWNrLW1vZGVsLWFycmVzdGVkLXJlcG9ydHMtYTc0OTY40gEA?hl=en-US&gl=US&ceid=US%3Aen,https://lh3.googleusercontent.com/proxy/o_10cvnrzlIKpscUogDNza6ehsFhBoeMSS-jrjZRowbwe5F46NWQTY_i3CPY1rXdf96pmUhAQjNy2sIBYlPNChjjAWDtSunZVbXxFRU9knixKmxaPvmpHkumrbD6FVjSDf_yGFUvNbnW3mXZ2_Wrfmc=s0-w100-h100-p-df,,The Moscow Times
Russia has been engaging with the Taliban for years. The U.S. withdrawal might give it an opportunity to expand its role.,bookmark_border,Aug 21,nan,news.google.com/./articles/CAIiEOZm4DxYUhgAau2E8_BChNcqGQgEKhAIACoHCAowyNj6CjDyiPICMJyFxQU?hl=en-US&gl=US&ceid=US%3Aen,https://lh3.googleusercontent.com/proxy/t6SGPTCWnFwyfw3JXv83ISKR5XawHd5OGNQ6uOOF8jlYrzw0CM_apNXY2M6_gsdkii9ucRi44hwW8AdUOUJtswGnAxO8MeJN44RQWFWcrRQg69UWy6O1VIxpyvkNVrF1mmpexaKSXc53gt2bdYV1bKHkD3DT9faqLttEzrCTTSRXBlAwMxQkuIyHEhjowOqafpizZOcNSDjG7YK-6n2a5xCWoVZdjWWqnLqvHZ2OPJAgW2fwNIF3VXIiIZ8cPu3cIv-SGSUfWGyXHzhfeURNUHHn4NgFXdCB04r2AhUhPgbnbu6Ct4NG2sF6xGrXJQMPd8DcnAdy4aI2=s0-w100-h100-p-df,,CBS News
The Curious Omission in Russia's New Security Strategy,bookmark_border,Aug 25,nan,news.google.com/./articles/CBMiX2h0dHBzOi8vd3d3LmRlZmVuc2VvbmUuY29tL2lkZWFzLzIwMjEvMDgvY3VyaW91cy1vbWlzc2lvbi1ydXNzaWFzLW5ldy1zZWN1cml0eS1zdHJhdGVneS8xODQ4NTQv0gEA?hl=en-US&gl=US&ceid=US%3Aen,https://lh3.googleusercontent.com/proxy/hq5Re2501MpfDT-0KER19BId4JdgY_kKUtJM0iMKHiuB6_GjverFTgE_35tOlOZo7cRzoKfPs98xJNt-WCO6uMI8OgQ1eHZ5eRq9VaSEFYnRIgPUSwALirf5vp8y4oYOUtgYukDwMZ90ayqe1OU9AAjPwRdsLU_C6A4BT92wbS-Il66-=s0-w100-h100-p-df,,Defense One
Uber is selling stakes in several Russian businesses for $1 billion,bookmark_border,Aug 31,nan,news.google.com/./articles/CAIiEO_5oIFh5-51kvL-zfZTMzgqGQgEKhAIACoHCAow2Nb3CjDivdcCMJ_d7gU?hl=en-US&gl=US&ceid=US%3Aen,https://lh3.googleusercontent.com/proxy/VYsWjLcJ327fFqTk84732-vL4Xr5M6ae-sRSh4s7rlRWz4gnWjsgUyH6_XoIsfEoLbYvhMuIv_Ecr_gvXqK_tVdOV8W8COKyYXyBRBzWOdCZE7gjuxCx12fwibNE22baJYttwN3rC17iPFsLWa4kF6fhogM3eS2yMhvlIZthyeAQVROD7b3jNC6guFi5eiTP39lWCr6Q3L76=s0-w100-h100-p-df,,CNBC
Thermal power to dominate Russia's energy mix until 2030,bookmark_border,2 hours ago,2021-09-07 17:11:53.270584,news.google.com/./articles/CBMiZ2h0dHBzOi8vd3d3LnBvd2VyZW5naW5lZXJpbmdpbnQuY29tL2NvYWwtZmlyZWQvdGhlcm1hbC1wb3dlci10by1kb21pbmF0ZS1ydXNzaWFzLWVuZXJneS1taXgtdW50aWwtMjAzMC_SAQA?hl=en-US&gl=US&ceid=US%3Aen,https://lh3.googleusercontent.com/proxy/CChiMN75FqCXOeO4fQjiZkO70wYn6X1eLyT2Cx8xkDWPz5QEw_M4LSvPvzuIdQY0Ihr9JXweF_iAB5zDpePZNjhFL2FcS5Xdq8cNT5zjcK-0xitRiF2CI9k7pjbdpVx_kWmnUK_jr9Gp2XoHcVtMBl-1LgwVrsGVYu3E=s0-w100-h100-p-df,,Power Engineering International
Russia threatens Apple and Google with fines over Navalny team's app,bookmark_border,4 days ago,2021-09-03 19:11:53.270786,news.google.com/./articles/CBMiUWh0dHBzOi8vZmluYW5jZS55YWhvby5jb20vbmV3cy9ydXNzaWEtdGhyZWF0ZW5zLWFwcGxlLWdvb2dsZS1maW5lcy0xMzUyMDA4MTMuaHRtbNIBWWh0dHBzOi8vZmluYW5jZS55YWhvby5jb20vYW1waHRtbC9uZXdzL3J1c3NpYS10aHJlYXRlbnMtYXBwbGUtZ29vZ2xlLWZpbmVzLTEzNTIwMDgxMy5odG1s?hl=en-US&gl=US&ceid=US%3Aen,https://lh3.googleusercontent.com/proxy/tQ1sIUGJfsLkru8bjYXh839Q07IQzRrO83IHeEf4UKgycqH_eJXgb8KgzRU60H_TRGo0sCXvp6a5ev8bBou3AX7FMfMPHPZH5DDoUgbsjdKJubD9MQx80qPKCNntRfY6P5-nzkhLWpo7IghOPi_1hXoNwxAbFo9wgTAlR_7LMNVl_-7fs0pcIwa07yF2sg_ZvOqPC9mhQiyhnI9NkCp-ciqxg7BJqI2CCA484ru_Ox9rt6coAVnZIoI8Ob5LgFMutfVmKgJhyl3XVeEVQwmS20dUn_y4v5Fxw05snn_NJEOOiw9KYPykAE9JP0ptRQjJh04M_1rV_qEGXde3PIp6pYOSxlL35LvERq-PPEUDv6rCN5xXwYoRGZOJMJVMSxM40JcVy1fqI6OygOqehugWivdh9n1YDLg=s0-w100-h100-p-df,,Yahoo Finance
Driving a Wedge Between China and Russia Won't Work,bookmark_border,Aug 24,nan,news.google.com/./articles/CBMiVWh0dHBzOi8vd2Fyb250aGVyb2Nrcy5jb20vMjAyMS8wOC9kcml2aW5nLWEtd2VkZ2UtYmV0d2Vlbi1jaGluYS1hbmQtcnVzc2lhLXdvbnQtd29yay_SAQA?hl=en-US&gl=US&ceid=US%3Aen,https://lh3.googleusercontent.com/proxy/CiumNxUrA8pT19dZpi3kGYR139EmSYCqW1Tgrm56Zi6fkzbjWFX_Shyi83nZmvNVbR2aCl24b1vssvVAIZUKdldqtjWFhcuhwZhPOez9CxSSQ_tPvMW7jM0M0hCTtidOeJQaL2rNj-eYZfmVgw=s0-w100-h100-p-df,,War on the Rocks
Russia's Coercive Diplomacy: Why Did the Kremlin Mass Its Forces Near Ukraine This Spring?,bookmark_border,Aug 23,nan,news.google.com/./articles/CBMifWh0dHBzOi8vd3d3LmZwcmkub3JnL2FydGljbGUvMjAyMS8wOC9ydXNzaWFzLWNvZXJjaXZlLWRpcGxvbWFjeS13aHktZGlkLXRoZS1rcmVtbGluLW1hc3MtaXRzLWZvcmNlcy1uZWFyLXVrcmFpbmUtdGhpcy1zcHJpbmcv0gEA?hl=en-US&gl=US&ceid=US%3Aen,https://lh3.googleusercontent.com/proxy/_J9Tm-L1X-o0dz-t8PFYx5XrSCIhMBuyIDM_kI4kHJH6_LFma5Fjxjcoq_Ve7-u1vFM4o0LfMPP9l78t98vfQrMgdLymuA_oucLUVztN8FVA5vw5Fddx4AHVtYd9UQ=s0-w100-h100-p-df,,Foreign Policy Research Institute
Opinion | Putin is destroying what is left of Russian civil society. Biden must keep the pressure on.,Opinion,Aug 11,nan,news.google.com/./articles/CAIiEL5mo6rA65FPSXkLmTUTF8AqGAgEKg8IACoHCAowjtSUCjC30XQwzqe5AQ?hl=en-US&gl=US&ceid=US%3Aen,https://lh3.googleusercontent.com/proxy/eESfPLN4WJg_aFyT2GD_1GvXLv5yQ0jfaBr4eJoAOHuMPwK5syyPLPaHxfujupOTBPZHKz7H-YjS7VLvK6TAffJsrg022Q8QrKF3sKVGwP91x5XcVkN5xZr1gL5HtXsV14ARSUCokhcmTskV9oEoCaHM5TYT5Lk0lmo9115rMA=s0-w100-h100-p-df,,The Washington Post
"Russia, U.S. Positions at Arms Talks 'Far Apart,' Lavrov Says",bookmark_border,6 days ago,2021-09-01 19:11:53.271557,news.google.com/./articles/CAIiECgOxAFp1gYWoul1_LSM2xcqGQgEKhAIACoHCAow4uzwCjCF3bsCMIrOrwM?hl=en-US&gl=US&ceid=US%3Aen,https://lh3.googleusercontent.com/proxy/nolkFHNQhYZ97tsRUwV63Y0zvn5_4nFTzEmeNV-wvIbbPHm5iXUNfls0_oKs00LgEJwMEGLslKe7UYVYJjmn35LYWmG8mJ8kuoMtHe_Uyrr0UeqTqnNOIQLlYepfYL8c-Vh7jrY=s0-w100-h100-p-df,,Bloomberg
Unwanted record: Russia's COVID deaths hit new high in July,bookmark_border,Aug 28,nan,news.google.com/./articles/CBMiZWh0dHBzOi8vYXBuZXdzLmNvbS9hcnRpY2xlL2V1cm9wZS1oZWFsdGgtcnVzc2lhLWNvcm9uYXZpcnVzLXBhbmRlbWljLTEzZmE0Zjc2ZGIxZTcxMGZmYTBjYTRiMjdmZjFjOGUx0gEA?hl=en-US&gl=US&ceid=US%3Aen,https://lh3.googleusercontent.com/proxy/L0q4u9LEvZWVxAt8o3BwRxF0aIyZsBlQfRbMiBg3bvMqBPJJ0F61cOQ2TRPL4JTXKFzpi-UO6Neb8MWdKdAhim3ux5ZX1mACikcHiCmEEo8L3_x0Nhf4Kw9b9mSwZY9w-qTmzgWA7DDXsCDxf9N5CYjjGw=s0-w100-h100-p-df,,Associated Press
"Norway and Russia sharpen transparency pact on warship, aircraft moves",bookmark_border,Aug 20,nan,news.google.com/./articles/CBMie2h0dHBzOi8vd3d3LmRlZmVuc2VuZXdzLmNvbS9nbG9iYWwvZXVyb3BlLzIwMjEvMDgvMjAvbm9yd2F5LWFuZC1ydXNzaWEtc2hhcnBlbi10cmFuc3BhcmVuY3ktcGFjdC1vbi13YXJzaGlwLWFpcmNyYWZ0LW1vdmVzL9IBAA?hl=en-US&gl=US&ceid=US%3Aen,https://lh3.googleusercontent.com/proxy/5nBToVDuL2iwt5l6XyMYmIrJLQUSqbtHLsMiKvTHZJ0qVXObZ0Wy9P1-J-4Cwy-5iOBljrnJFl2AhTW2lQKMm2qiHFAZ8frIiER5w6KUM54bAm7SV4HHJPaTbjndb8oYdKJb4MTouTjlAtjCjZ5o4J5VJg=s0-w100-h100-p-df,,DefenseNews.com
Russia's Promise Of Building Nuclear Plants In Africa – Analysis – Eurasia Review,bookmark_border,Yesterday,,news.google.com/./articles/CBMiZWh0dHBzOi8vd3d3LmV1cmFzaWFyZXZpZXcuY29tLzA2MDkyMDIxLXJ1c3NpYXMtcHJvbWlzZS1vZi1idWlsZGluZy1udWNsZWFyLXBsYW50cy1pbi1hZnJpY2EtYW5hbHlzaXMv0gEA?hl=en-US&gl=US&ceid=US%3Aen,https://lh3.googleusercontent.com/proxy/jLp_ZagAKVnk_1kcgI_0_muTqxubGHYQ6iubv_5gu7wMgzjsqe4PUAl3Rs_g2qGQsDC3K6iUJ6RgmNzuUY9hawtlUwWY61AAFUe7Ar8jbBTT7dle7rE8dJJUVUqjI_KLnaOz9A=s0-w100-h100-p-df,,Eurasia Review
Russia’s S-400 teams conduct live fire exercise at Ashuluk training range,bookmark_border,5 hours ago,2021-09-07 14:11:53.272346,news.google.com/./articles/CBMiIGh0dHBzOi8vdGFzcy5jb20vZGVmZW5zZS8xMzM0NjUz0gEkaHR0cHM6Ly90YXNzLmNvbS9kZWZlbnNlLzEzMzQ2NTMvYW1w?hl=en-US&gl=US&ceid=US%3Aen,https://lh3.googleusercontent.com/proxy/N3864VxQ3-4cE_56YHzobehvFbfFK5C86islxDriMjI7-2A_riUcEzwgEffbqcl1iyfgQ0XQD6ry1-CGnk_Aza0TRhwurktaLOMQ9PdNk26b=s0-w100-h100-p-df,,TASS
